Title,Transcription
An Drochshaol · Fearainn an Choirce · The Schools' Collection | dúchas.ie,"Tá níos mó daoine i-n- Gort na gCapall anois ná mar a bhí i-n-diadh aimsire na gorta san mbliadhain 1847. Fuair go leór aca bás ag an am sin le h-ocras. Tháinig an dubh ar na fataibh san talamh.Bhí bean as Gaillimh darbh ainm Mrs Seary agus bhí comhluadar aice. Bhí a fear básuighthe. Bhí ingean léi i America agus bhíodh sí ag cur airgid ag a máthair. Bhíodh an mháthair ag tabhairt gach a raibh aice uaithe. Ar deire ní raibh aici acht aon mhac amháin agus taréis tamaill cailleadh é sin freisin. Aon Domhnach amháin chuaidh sí ag an Aifrionn, agus is ar éigin a tháinig sí abhaile, agus cailleadh í féin leis an ocras tamall i-n-a dhiaidh sin."
An Drochshaol · Fearainn an Choirce · Bailiúchán na Scol | dúchas.ie,"An droch-shaoghalLuigh an droch-shaoghal go mór ar an gceanntar seo, mar ba iad na fataí an phríomh-bheatha a bhí ag na daoiníbh agus lobhadar sin, agus b'éigin dóibh maireachtáil ar bhiadh cladaigh. Fuair cuid mhór daoine bás leis an ocras, agus leis an bhfiabhras dubh, agus dá bhrigh sin bhí i bhfad níos mó daoine san áit seo fadó ná mar tá anois. In áiteachaibh chuir an fear a bhean agus a sheachtar cloinne leis an bhfiabhras dub.Lobh na fataí nuair a bhíodar ag fás, agus spréitheadh cuid desna garrdhantaibh trí h-uaire ag soláthar fataí. Is minic a lobh na fataí ó shoin acht níor lobh an oiread agus a lobh an bhliadhain sin, agus dá bhrígh sin ní raibh biadh chomh gann ariamh ó shoin."
An Drochshaol · Fearainn an Choirce · The Schools' Collection | dúchas.ie,"Nuair a bhí an droch-shaoghal ann fadó do loic na fataí, beagnach ins gach chuile áit. Tá sé sin tuairim is dhá chéad bliadhan ó shoin. Cuireadh na fataí agus tháinig na barranaí aníos. Tháinig an Dubhachán ortha, agus maidin amháin nuair a d'éirigh na daoine d'airugheadar an boladh a bhí ó na barrainaíbh. Tharla sé sin tuairim lá'l t-Sin Seain. tháinig an bhliadhain sin go dona. Thánig an gorta agus tinneas ar na daoiníbh. Cailleadh an cuid is de na daoiníbh, acht mhair corr-dhuine, agus séard a sheas dóibh sin biadh an chladaigh. Bhídís ag ithe báirneacha, sleabhcháin creathnaigh, faochan agus carraigín. Bhruichidís na báirnigh, agus chuiridís min bhuidhe ar an rúgh. An bhliadhain ina dhiadh sin chuireadar fataí darbh ainm ""Regions"" Fuair siad ó'n tighearna talamhna darbh ainm ""Major Fair"" d'fhás siad maith go leor. Ní raibh siad i bhfad ag médughadh san ithir, agus faoi cheann cúpla bliadhan bhí a ndóthain fataí agus bidh acu. Ní raibh aon ghorta ariamh a bhí chomh dona leis."
An Ghorta Mhór · Carnán · The Schools' Collection | dúchas.ie,"An Ghorta Mhór.San am fadó gheibheadh na daoine bás ar thaobh an bhóthair am na gorta móire nuair a dhubhadh na fataí. Tá áit inaice le mo theac ar a dtugtar Sean-Bhaile Beag air. Bhí go leor tighthe ann san t-sean aimsir ach caileadh go leor de na daoine bliadain na gorta le ocras agus an méid díobh a fhan beo sgapadar mar ní raibh siad in ann na h-áitreacha  a choingeál ná cíos , ná rátaí a íoc.D'éirigh an rud céadna i ngleann eile in áit a dtugann siad Gleann na hÓige air inaice le baile na Gráinse. D'imthig na daoine as an áit sin freisean agus níl turaisc cé ndeachadar cé go bhfuil ballaí arda na dtigte ag seasamh fós."
Stoirm · Béal an Átha Buí (Clochar) · The Schools' Collection | dúchas.ie,"Bhí bad caillte san gceanntar seo fadó, timcheall lé ceathrú míle ó mo theach.  Bhí an bád ag teacht isteach san gcuan.  Bhí an oidhche ann nuair bhí sé ag teacht.  Chuaidh sí ar charraig.  Thuit na daoine amach san bhfáirge.  Báthadh ceathrar aca triúr fear agus bean.  'Siad Tomás Ó Conroigh, Sean Ó Búrca, Seán mac Mathghamhna, agus bean Bheal Ó Braonán.  Shabháil triúr aca.  Is iad Seán Ó Raghaille agus a mháthair agus Seán Ó Conroigh.  Cuireadh comhartha ar an gcarraig 'nár báthadh na daoine.M'uncail a d'innis an sgéal seo dom."
Stoirm · Béal an Átha Buí (Clochar) · The Schools' Collection | dúchas.ie,"Cruadhtán      30/11/1937Bhí bád caillte san gceanntar seo fadó, timcheall lé ceathrú míle ó mo theach. Bhí an bád ag teacht san gcuan. Bhí an oidhce an nuair bhí sí ag teacht. Chuaidh sí ar charraigh. Thuit na daoine amach san bhfáirge. Báthadh ceathrar aca – triúr fear agus bean. ’Siad Tomas Ó Conroigh, Seán Ó Búrca, Seán Mach Mathghamhna agus bean Bheal Ó Braonáin. Shábháil triúr aca. ‘Siad Seán Ó Raghaille a mháthair agus Seán Ó Conroigh. Cuireadh comhartha ar an gcarraigh ‘nár báthadh na daoine.Micheál Ó’ Conroigh, Cuan na mbád, An Clochán. M’áthair a d’innis an sgéal seo dom."
An Drochshaol sa Cheantar · Doire Mór Iata · The Schools' Collection | dúchas.ie,Tá sé timceall cead bliadhain agus bhí an gorta mór í nÉireannNí raibh tada le níthe ag na daoine agus bhí siad ag fágháilbháis leis an ocras agus an tart. Bhí siad ag marbú coíniníagus bhí an oiread sin ocras ortha is nach raibh ám acú íada bruith d’iosfhadh síad fuar iad. Ní mórán bíd bíodh acú achtfataí  a chuirfidis agus oidhce amháin tháinig stoirm mór agusscuabadh iad ar fud na cnuic agus tháinig an duibheachán orthafreisin. Bhí beirt dearbhráthár ann san uair sin agus tá fhios gurcailleadh duine acú agus gur iomchar an dearbhráthár eilego dtí an uaigh é. Ní raibh aon conra ann an uair sin agusfuair síad cúpla malaí agus chuir siad ualach sgrathacha ionntachuir an duine caillte istigh idir an málaí agus rinne andearbhráthár eile a uaigh féin mar bhí sé cinnte go mbéadh séféin caillte í gceann seachtmhaine leis an ocras. Bíodh na daoineag ithe fear agus coirce. An sórt solas a bíodh acú ruinne duisidhemar ní raibh aon coinneál le fagháil no cabhair uairbionn fiodog agus rúinne súithche cuimilte dhe. Bíodh leacaibhmóra mar siodheachán acú agus codlaidis ar clocha nó argabail féir. Mhillfaidís coirce idir dhá leach agus déanfhidíscáca den coirce. Ní raibh aon moín le teine a dhéanamh.bíodh síad ag tirmughadh puiteach agus sgratacha beaga cun teinea deanamh bídís ag ithe leathar agus craicne beithidhigh. Bhíodh nadaoine ann bocht ar fad bíodh síad ag fághail brúran minebuidhe mar ní raibh aon plúr lé fághul bhídís ag leanamhuintcoiníní agus giarrfiadh agus dhá gcur isteach í scailp
Droichead Inis Ní · Inis Niadh · The Schools' Collection | dúchas.ie,"Rinneadh an droichéad sa mbliadhan 1884.Roimhe sin ní raibh aon bealach lé dul amachacht i mbád.Bhí m'athair ag obair ar an droichead. Lá amháinbhí lán báid do dhaoine ag dul trasna. Bhíbeirt fear ar an dtalamh agus thosuigh siad agcaitheadh clocaí. D'iompuigh an bád agus báthadhgach duine acu acht beirt nó triúir.Níor báthadh m'athair sábháil fear eile é. Agus ó shoini leith deirtear go bhfuil sidheóga ins an droicead.Bhí m'athair ag obair i gCloch na Rón uair amháinmaidin amháin agus é ag dul amach agusbhí fear mór ar an mbóthar agus an céadmaidin eile bhí sé ann arís, agus an tríomhadhmaidin bhí fear eile leis agus ní fhacha sé tada."
An Drochshaol · Cashel · The Schools' Collection | dúchas.ie,Luigh an droc-shaoghal go trom annseo ó 1845 go 1848. Cáilleadh níos mó ná leath na daoine timcheall an cheanntair seo an t-am sin. Le faobhras a chailleadh an cuid is mó aca ó na luibhe-nimhe a dítheadar. Tá áiteacha ann a bhfuil fothracha na sean-dteach in a mbíodh daoine in a gcomnuidhe sul a dtáinic an droch-shaoghal agus nár mhaireadar tríd. Ní raibh móran de na daoinibh óga ag dul lear an t-am sin. Ní raibh ag na daoinibh ach gabhaltais beaga talmhan. Ar fátaibh bhí na daoine ag máireachtáil an t-am sin agus nuair a dtáinic an dubachán orthabhíodar réidh. Ní raibh tada le faghail san siopaíbh ach min-buidhe agus ní gheibhidís é sin fhéin gan airgead. Aon duine a mbeadh fataí nó cabáiste nó turnapaí ag fás aige bheadh sé ag faire ortha sna oidhche ármtha le clocaibh agus máidí mar bíodh na daoine nach raibh tada aca 'ghá ngoid. Bhíodh beirt nó trúir caillte chuile lá beagnach. Baineadh na daoine poll annsin agus iad a chaitheamh síos ann gan conrá ar bith. Lá amháin bhí deichneabhar le chur sa
An Drochshaol · Ballinafad · Bailiúchán na Scol | dúchas.ie,Transcribed by a member of our volunteer transcription project.HistoryEdit
An Drochshaol - An Ghorta · Árd Mhór · The Schools' Collection | dúchas.ie,An Droc-ShaoghalAn GhortaDo bhí an ghorta san áit seo san mblian 1846 agus fuair go leor daoine bás. Tháinig an dubcán ar na fataí agus ba iad na fataí a bhíodh dhá gcoinneál beo an tám sin. Sé an chaoi a mbíod siad ag dul amac ar an sliabh ag marbhú girrfhidthe is coiníní agus dhá n-ithe leis an ocras. Teigheadh cuid eile acú amac ar an bfarraige agus mharbhídís iasg agus chaitheadhar tamall beo ar an gcuma sin. Nuair a bhí na gléasaí iasgac a bhí aca caitthe ní rabhadar indon aon cheann eile a cheannach. Bhíodh na daoine ag dul ar na h-oileáin ag ite uibeaca na n-éan. Bhí go leor do na daoine ag iarraidh imhtheact as an tír ach ní raibh aon bhád acú le imtheact as an tír. Bhí go leor aca ag fághail bháis agus gan aon greim le n-ithe aca. Na daoine a raibh neart airgid féin aca agus beatha bhíodar ag fághail bháis leis an droc-thinneas a bhí in-a measg. Fuair go leor go na daoine bocta bás ins gac áit. Bhíod na daoine ag fághail báis ar a gcuid leabthaca agus gan aoinne do'n líon-tighe indon éirige. Bhíod na sean ndaoine ag dúnad na ndóirse agus faitchíos orra nuair a thiocfadh ocras orra nac mbeadh siadh indon an doras a dhúnadh.
An Drochshaol - An Ghorta · Árd Mhór · The Schools' Collection | dúchas.ie,"Bhí górta mór i n-Éirinn fádo. Fuair cuid mór do na daoine bás leis an ocras. Nuair a chuireadar na fátai san Earrac, agus nuair a thosuig siad ag fás táinig an dubh orta agus níor fás móran aca. An meid a d'fás féin lobh siad isthig ins na tighthe orta. Annsin ní raibh aon fataí acu le n-agaid an céadh bliana eile. Fuair siad bás leis an ocras annsin mar ní raibh aon biadh le n-ithe acu an t-am sin acht fataí. Fuair go leór acu bás amhuigh ar an bfairrge agus iad ag iasgacht doibh féin. Bíod na mná agus na páiste ag imeacht timcheall na gcladhac agus iad ag solathar biadh. Na daoine go raibh raoint airgid acu bíod siad ag ceannacht min- buidhe agus ag deanamh arán as. Anois agus aris thagad na mná isteacht i aon teac amháin agus taghadh siad beagáin cóirce leo agus dheaneadh siad arán coirce as. As ní bíodh cóirce acu i gcomnuidh le h-aghaid sin. Cé go raibh siad ag fhágail bás leis an ócras agus gan aon níd le n-ithe acu choinnuigh siad an meid fataí a d'fán slan le chur aris ins an Earrac. Is minic a bíod na daoine gan aon biadh le n-ithe acu ar feád seachtaine ac ag obair go géar ar féad an am ag bailú airgid cun biadh a ceannacht doibh feín. agus is minic nac raibh aon biadh le fhágail acu le ceannacht feín. Annsin feobhfad siad bás. I dteánnta iad a beith ag fágail bás leis an ocras táinig droc-tineas órta agus ní raib siad i nan aon obhair"
An Drochshaol - An Ghorta · Árd Mhór · Bailiúchán na Scol | dúchas.ie,"Bhí gorta sa tír seó fadó agus fuair go leor daoine bas leis an ocras. Sé an rud ba cionnuigh leis ná an dubhacan a tháinig ar na fataí. Ní raibh fatá slán le fághail in aon áit. Bhí siad ar fad lobhfa. Sin é an uair a mbíodh na daoine ag scriobhadh bocste leis na fataí breata, sin fataí nach ráibh lobhfa ar fad. Bhí fear ins an mbaile seo ags bhí cupla acra talamh de fataí curta aige agus ní ráibh fatá amháin slan ins an garaí. Bhain sé iad agus caith sé le claidhe iad agus ceap sé nach ráibh aon maith ionnta. Bhíodh cor duine ag teacht agus bhíodh siad dhá tabhairt leo agus bhíodh siad ag baint an croiceann díobh agus bhí siad slán taobh instigh. Bhí na daoine ag cur na fataí i ngar don fairrge agus bhí fataí maite slán acú. Bhí go leor daoine agus ní ráibh fataí ar bith acú agus siad bas leis an ocras. Táinigh tinnis orra annsin agus bhí siad dá tógal ó na chéile agus fuair go leor daoine bas. Tháinig fiabras orra agus bhí siad ag fághail báis cois na gclotacaí agus ní gotach duine ar bith i ngar dóibh ar fáithcios go dtoigheadh siad an tinneas. Tá go"
An Drochshaol - An Ghorta · Árd Mhór · The Schools' Collection | dúchas.ie,leor áiteaca tart annseo agus cailleadh daoine ann agus tá sé ráidhte go ndeaca siad sios frigh an talamh agus ní dearna aon duine aon poll dóibh. Níor fan blas dá gcorp os cionn na talamha agus tá na h-áiteaca sin an tsidheamhail . Bhí fear ins an áit seo agus bhí sé an-cruaidh ar daoine bocta. Dhá dtaghadh bacac siubhail tart agus dá n-iarradh sé greim le n-ithe air sgaoileadh sé an gadhar ionnta . Nuair a tháinig an gorta ní raibh tada le n-ithe aige agus ní ráibh aon truaige ag aon nduine do. Ba gearr gur cailleadh é agus ní ráibh sé i nan ag aon nduine a dul i ngar dó leis an mbaladh a bhí uaidh. Cáith duine éicint sios i bpoll é agus d'fán sé annsin. Ní feadfad an nduine a dul tar an áit a ráibh sé cotram an lae a cailleadh é mar bíodh clocaí dá gcáitheamh leo. Níl se acht fice bliain ó stop sé ó caitheamh na gcloc.
An Drochshaol · An Clochar i gCárna · The Schools' Collection | dúchas.ie,Le linn an droch-shaoghail sa mbliain 1845 cailleadh go leor daoine in mo cheanntar. Tá go leor díobh curtha sna sléibhte agus sna garrantaí. Is iomdha áit in mo cheanntar a bhfuil daoine curtha ann. Tá áit i Ruisín na Manach a dtugtar an 'Caorán air. Áit mhór is eadh é. Faoi sin tá daoine curtha a cailleadh ins an droch-shaoghal. Fadó na daoine a bhfuigheadh bás ní chuirtí i Roilig ar bith iad ach  corr-dhuine. Is amhlaidh a chuirtí connradh ortha agus iad a chur sna garrantaí agus amanta eile ní chuirtí connradh ar bith ortha mar gheall is nach raibh luach na gclár ag na daoine. Is leis an droch-shaoghal a cailleadh na daoine.Nuair a loit na fataí ní raibh aon bhaidh aca le n-ithe agus ní raibh siad indan an plúr a cheannach.Bhí bliain eile ann ar a dtugtar 'Nineteen an tae dubh'. Sé an fáth a dtugtar an bhliain sin air mar ní raibh aon bhainne ag na beithidhigh nuair nach raibh an féar ann. Chaitheadh na daoine tae dubh a ól agus ó shoin amach tugtar 'Nineteen an tae dubh' air. In ionad an bhainne chuireadh na daoine min-choirce tríd an tae. An min-choirce a bhruith agus annsin é chur tríd an tae. Nuair a bhí na fataí ag fás tháinig an dubh ortha agus nuair a bhíodh siad ins na poill lobhadh siad. Bhíodh na daoine ag iarraidh fataí a choinneáil le h-aghaidh an chéad bhliain eile agus b'éigin dóibh iad a chur isteach sna tighthe. Nuair a theip ar na fataí b'éigin do mhuinntir na h-áite imtheacht go h-áiteacha eile.
Scéal · Leitre · The Schools' Collection | dúchas.ie,"Lá fuar geimhridh bhí beirt buachaill ag dul ag sgoil le chéile. Bhí loch beag in aice na sgoile agus nuair shroicheadar an loch thugadar faoi deara go raibh leac-oidhre air agus shíleadar go mbéadh am acu le dul isteach ag sleamhnú go ceann tamaill. D'fhágadar a gcuid leabhar ar bhruach an locha agus chuaidh siad ag sleamhnú ar a ndícheall. D'éirigh leo go maith ar feadh i bhfad iad ag dul anonn as anall, suas as anuas an loch. Tar éis tamaill tháinig buachaillí eile an bealach sin agus chuaidh siad ag sleamhnú leo-san. Nach acu-san a bhí an spórt ag sleamhnú ag tuitim agus ag déanamh cleasanna.Ní raibh siad i bhfad ag sleamhnú gur"
Ceapadóireacht - An Drochshaol · Leithrinn · Bailiúchán na Scol | dúchas.ie,"Bhí droch saoghal ins an gceanntar seo fadó. Sgap sé na daoine. Luigh sé go trom ortha. Bhí go leor bailte ins an gceantar fadó, nach bhfuil ann anois. Fuair na daoine as na bailte sin bás leis an ocras. Chaitheadh amach ar an mbóthar iad mar ná rabhadar inann an cíos a fhághail d'on Tighearna Talmhan. Ní raibh ach cúpla acra talmhan ag gach feirmeór.D'innis"
Ceapadóireacht - An Drochshaol · Leithrinn · The Schools' Collection | dúchas.ie,Bhí droch saoghal i nÉireann fadó. Sgaip sé na daone . Luigh sé go trom ortha. Bhí go leór bailte ins an gceanntar fadó nach bhfuil ann indiú. Fuair na daoineleas an ocras as na bailte sin.D'innis m'athair dom go raibh trí bailte i gCastletoun ins an tsean-aimsear. Dubhairt sé nach bhfaca sé féin iad acht chuala sé a shean-athair ag rádh go
Ceapadóireacht - An Drochshaol · Leithrinn · Bailiúchán na Scol | dúchas.ie,ina gcomhnuidhe ins an teach sin fadó. Bhíodar an bhocht. Nuair bhris an gortach amach chaith an Tighearna talmhan amach ar an mbóthar iad mar ní raibh siad inann an cíos a fhághail dó. Chuaidh an fear agus a bhean isteach i dtigh na mbocht. Fuaireadar bás annsin. Chuaidh a gclann thar sáile agus fuaireadar bás ar an mbealach. Tá eolas agam ar an áit a raibh a ngarrdha.
Ceapadóireacht - An Drochshaol · Leithrinn · The Schools' Collection | dúchas.ie,"Bhí droch saoghal ag na daoinibh ins an gceanntar seo san am fadó. Tháinig gorta agus do sgairp sé iadluigh sé go trom orra ins an gceanntar seo. Bhí bailte ann an uair seo nach bhfuil ann indiú. Fuair chuid aca bás leis an ocras, agus chaitheadh an chuid eile aca amach ar an mbóthar. Ní rabhadar inann an chíos a fhághail do na tighearnaí talmhan. Bhain sé an talamh díobh, agus do chaith sé iad amach ar an"
Am an Ghorta · Lisín na hEilte (Cailíní) · The Schools' Collection | dúchas.ie,"Nuair a bí an Gorta Mór ann san mblian 1846, bí na daoine an bocht. Nuiar a bain na daoine na prataí (an beagáin a bí aca) rinne siad poll mór faoí coca fhéar agus cuir siad na na prataí síos ann. Bí ocras mór sin ar na daoine go raibh siad ag dul thart ins na h-oidceannta ag goid na bprataí agus ag ithe cabáiste ins na ngarrda. Ní raibh aon plúr le fágail annseo annseo an t-am sin. Cualaid mé mo ssean athair ag rá go dtrígead a star go dCuarm ag sribal cun cúpla punt punt plúr a fágail. Rinne na mná cacaí de annsin le mír corce agus prataí meascurce le céile. Fúair mé an scéal seo ó Miceál Ó Dólán aois 81 de bliadhna"
An Drochshaol · Árd Aoibhinn · The Schools' Collection | dúchas.ie,"Níl aon duine beó fós a chuimnigheas ar an ndroch-shaoghal acht chuala siad sgéalta faoi. Tháinig an dubh ar na prátaibh i mbliadhain 1845. Fuair a lán daoine bás leis an ocras agus leis an bhfuacht.Ní raibh rud ar bith le n-ithe ag na daoine i rith an droich-shaoghail. Dá dtéigheadh fear amach ag baint faití ar maidin ní bheadh lán de bhuicéad aige ins an thráthnóna mar bhí na fataí chomh dona sin. Ní raibh rud ar bith le n-ithe ag na daoine ach min-choirce agus neanntóga. Dá mbeadh min-choirce ag duine ar bith thiubhradh siad rud ar bith a bhí ins an dteach ag na daoine chun an min-choirce a fhághail.Do thiubhradh siad bráithlín-éadhaigh agus túbháile d'os na daoine. Bhí siad ag marbhú  m(i)nán  agus á n-ithe. Níor  chuir na daoine bárraí ar bith an  bhliadhain  sin, mar bhí sé ró-dheireanna(igh). Bhí na  daoine ag ithe uisge-féir agus  cupóg ach  má bhí féin, fuair a lán aca  bás. Chuala mé na daoine  ag cainnt  faoi fear  a bhí ag obair do fhear  eile i rith an"
Aiste - An Drochshaol · Árd Aoibhinn · The Schools' Collection | dúchas.ie,"Bhí an Droch-Shaoghal ann tuairim is céad bhliadhain ó shoin. Le linn na h-aimsire sin bhí na daoine i gcruadh-chás, mar bhí siad ag fághail bháis leis an ocras agus leis an anró. Ní raibh aon bhiadh aca le n-ithe acht fataí chun iad féin a choinneál beó, agus nuair do mheath na fataí bhí siad ag fághail bháis 'na sluaightibh.Dubhairt mo shean-athair go raibh corpanna caithte i ngach áit.Ar an bpoinnte boise nuair do bhí galar ann tháinig gorta. Bhíodh siad ag fághail bháis istigh ins na tighthe, ins na portaigh, cois claidhe, ar na sráideanna, i bpáirceanna, agus i dtighthe na mbocht.Do cailleadh go dtí dhá mhilliún duine an t-am sin le gorta agus le galar.Nuair do mheath na fataí bhí na barraí eile ar fheabhas, acht b'éigean do'n na barraí do dhíol chun an chíos a d'íoc. Cuireadh na daoine san am sin i bpollanna ins na portaigh, i gcárnáin, i lochanna, agus nuair do bhí an droch-shaoghal thart tháinig daoine agus chuir siad na daoine a bhí curtha mar sin i roilig."
Scéal · Creag Mór (Naomh Pádraig) · The Schools' Collection | dúchas.ie,Tamall fada ó shoin bhí fear ann darbh ainm Máirtín Mac an Bháird. Diobaire do béad an fear sin. Bhí madra mór donn aige ‘Prionnsa’ an t-ainm a bhí ar an madra seo. Bíodh an píobaire i gcomhnaidhe ag rádh nach raibh a leithead le fágaill in Eirinn ar fad. Tráthnóna amháin bhí sé ag seinim ceoil i dreach feilme. Thosaigh sé ag cur sneachta go trom agus bhí sé ag cur sneachta go trom agus bhí sé an dheireannach nuair a d’aimsigh sé as an dreach an oidhce sin. Bhí an sneachta go trom ar an dtalamh fén am seo. Bhí an píobaire bocht préachta leis an bhfuacht. Sa deire thuirt sé i lagair ar fad.
An Drochshaol · Cúl Árann (Clochar) · The Schools' Collection | dúchas.ie,Ta sgeal ann mar gheall ar ceann aca. Bhi sagart ann fado agus bhi se fein agus fear eile ag iarraidh uaig a fhaghail doibh fein agus fuair an fear an uaig agus dubhairt an sagairt go mbeadh dhruidhe chailte os comhair an uaige gach maidin.
An Drochshaol · Cúl Árann (Clochar) · The Schools' Collection | dúchas.ie,"Ins an  droch aimsear fadó bhí saoghal cruaidh ag na daoine. Tháinig an gorta sa mbhliadhain 1847 agus tháinigh gach mí-ádh eile in a dhiaidh.Bhí aimsear chomh h-olc an t-ám sín is go raibh siad ag  fághail bhais ar na boithribh leis an ocras. Bí fear speisealta amach o theach na mBocht, i Tuaim le iad a tabhairt isteach agus iad a (bí) bheirth curtha i dTuaim, sin é an fear"
An Drochshaol · Cúl Árann (Clochar) · The Schools' Collection | dúchas.ie,"Bhí saoghal an-chruaidh ag na daoine fadó bhí droch bhail ar gach rud; bhí na fataí agus gach rudh caillte; ní raibh gas fataí san tír agus bhí ar na daoine an méid eorna no cruithneacht a bhí acu a dhíol leis an cíos a íoch.Bhí go leór daoine agus tighthe san gceanntar seo roimg an am sin acht níl acht an tríomhadh cuid nó mar sin ann anois, bhí na fathaí ins na pollaibh caillte cómh maith le na fátaí a bí curtha.Sa deireadh sé an chaoí"
An Drochshaol · Cúl Árann (Clochar) · The Schools' Collection | dúchas.ie,a bhí ag na daoine le síol na fataí do shábhailt bhailighead ar ubhla na bhfataí mar a tugtar orra siad sin na fataí bheaha bána afhásann ar na fátaí móra agus iad a chur isteach i téad déan ta do thiúghe agus iad a fhágaint annsin ar feadh an geimhreadh.
An Drochshaol · Cúl Árann (Clochar) · Bailiúchán na Scol | dúchas.ie,An chaoi a tháinig an gorta ar na daoine ná an bhliadain roimh an ghorta dhfás na fátaí go h-an maith agus ní féidir leo iadh a ithe agus do chaith siadh amach ins na páirceanna iad agus do lobhadar agus nuair a chuireadh na fáthaí an bhliadhain na dhiaidh sin tháinig an dhubh orra  nuair a d'fhás siadh suas.In iomairí a chuir siadh na fataí. Nuair a thainig an dubh ar na fathaí ní raibh aon (biod) bhiadh aca agus do fhuair timcheall céadh daoine bás
An Drochshaol · Eanach (An Mhainistir) · The Schools' Collection | dúchas.ie,"Bhí droch saoghal ann ins na blianta 1846-1847. Bhí gantanas biadh sa tír san am sin, mar tháinig an dúbhachán ar na fataí agus lobh siad. Thuit sé go trom ar an gcheanntar seo. Deirtear go raibh na fataí chómh fairsing an blian roimh an Ghorta mór gur chaith na daoine iad leis an gclaidhe ná gur lobh siad ortha agus déirtear freisin gurbh é sin an fáth gur tháinig an ghorta.Bhí i bhfad níos mó daoine san áit seo roimh an droch saoghal ná mar atá ann anois. Lobh na fataí ins na puill agus níor féidir leis na ndaoine iad a ithe, ná ní raibh aon fataí le chur le hághaidh an blíadhán a bhí ag teacht. Bhí droch boladh i ngach áit a bhí ag teacht ó na fataí a bhí lobhtha.Fuair na daoine bás 'na mílte leis an ocras is leis an fiabhras. Ní raibh le nithe acú acht aráin, min coirce agus rudaí mar sin. Deirtear gur ith cuid aca féar.Chábhruidh na daoine saidhbhre le muinntir an bhaile agus leis na daoine bochta. Thugadar airgead dóibh le biadh a cheannach."
An Drochshaol · Corr an Droma · The Schools' Collection | dúchas.ie,Luigh an droch-shaoghal go h-an trom ar an gceanntar seo san am fadó. Bhí níos mó daoine ann san uair sin ná mar atá anois. Nuair a bhí na fataí ag fás tháinig an dubh ortha agus lobhadar ins na puill freisin. Ní raibh le n-ithe ag na daoine san uair sin ach “stirabout” mín bhuidhe agus fataí. Seo cuid de na sort fataí a bhí aca san am fadó:- “Blackbulls” agus “Protestants”. Déanadh siad iomairí i dtosach agus sgaipeadh siad an síol ortha annsin. Ní raibh siad
An Drochshaol · Corr an Droma · The Schools' Collection | dúchas.ie,"Ins an mbliadhain aon mhíle ocht gcéad dachad sa seacht tháinic an droch saoghal sa tír seo. Tháinic an dubhchán ar na fataí agus níor fhás ach cuid aca, agus an méid a d'fhás tháinic an dubh orra freisin. Ní raibh lé n-ithe ag na daoine sa bhliadhain sin ach mín buidhe. Bhí an min buidhe an-daor agus ní raibh na daoine bochta in ann é a cheannach. Bhí séan -chruadh ar na daoine a mharachtáíl ar chor ar bith, agus ní bhfuigheadh fear oibre ach scilling sa ló. Tá sé ráidhte nár cailleadh mórán daoine annseo san am sin ach bhí saoghal an chruaidh aca. An bhliadhain in a dhiaidh sin fuair siad ó ""Government "" Sasana fataí"
An Drochshaol · Corr an Droma · The Schools' Collection | dúchas.ie,Tuairim na bliadhna aon míle ocht gcéad dachad is a sé agus aon mhíle ocht gcéad dachad is a seacht tháinig an gorta mór agus bhí na barraí go h-olc. Tháinic an duibheacháin ar na pataí agus bhí na barraí eile go dona freisin. Ní raibh bíadh le n'ithe ag na daoine agus fuair a lán aca bás ar thaobh an bhóthair leis an ocras. Ta níos mó daoine ina gcómhnaidhe annseo anois ná mar a bhí nuair a tháinig an gorta mór. Bhí saoghal cruadh ag na daoine ag fághail biadh dóibh féin acht mar sin
An Drochshaol · Corr an Droma · The Schools' Collection | dúchas.ie,"Luigh an droch shaogal go trom san gceanntar seo. Bhí i bhfad níos mó daoine ina gcómhnuidhe ann ná mar atá anois. Nuair a bhí na fataí ag fás táinig an dubh ortha agus an méid nach lobhadar ins na hiomairí lobhadar ins na puill agus ins na tighthibh. Ní raibh ach beagán síl aca le hagaigh an céad blian eile. Fear ar bith a d'éirigh leis iad a shábháilt d'fhás siad an mhaith. Bhí fear amháin agus ní raibh aon fataí ar bith aige cruinnigh sé na ""baclogaí"" agus sáith sé iad,"
An Drochshaol a Bhí Amuigh Fadó · Rathún (Clochar) · The Schools' Collection | dúchas.ie,"Cáit ní Ioláin.  (aois 14 bl) Baile Cláir - Rang 8Fuaireas an sgéal seo ó Mícheál Mac CuimínCinn-UisgeBaile CláirAn droch saoghal a bhí amuigh fadó.Cúpla blian ó shoin, chuala mé sean fhear a rádh go raibh a h-athair amuigh i mblian go raibh an ghorta amuigh.Dubhairt sé go (raibh) sé na daoine ag fághailt bháis leis an ucras. Ní raibh rud ar bith le n-ithe acu, ach coirce agus cruithneacht nach raibh abaidh. Ní féidir na feilméaraí rud ar bith do chur, mar bhí sé ithte acu, nuair a bheith sé ós cionn an talamh.Bhí feilméaraí saidhbhir agus bhí sgioból mór min-coirce cruinnigh suas aige. Bhí na daoine ag dul thart ag iarraidh gráinne min-coirce in Ainm Dé.Gach lá bhí daoine caillte ar thaobh an bhóthair, agus ar gach áit. Déanann daoine poll dóibh, agus cuirtear trí nó ceathar coirp in aon poll. Ní raibh siad ag déanamh aon uaigh san am sin is atá siad ag déanamh indiu.Nuair a bhí an ghorta thart tháinig tinneas mór, agus bhí beagnach"
"An Drochshaol · Naomh Nioclás, An Cladach (Buachaillí) · The Schools' Collection | dúchas.ie",Bhí an Gorta ann i 1845 go 1847. Bhuail an-chom trom ar an mbaile seo chomhasail le'n mbailte eile in-Éirinn. Bhí níos mó daoine 'na gcomhnaidhe ann an uair sin ná tá anois. Badh é an droch-uair a tháinig an dubh ar na prátaí. Bhíodar ag fás go maith agus ní fhios do na daoine go raibh an dubh ag teacht ortha go h-obann sin. Ní raibh síol aca chun a chur idtalamh chun na haith-bhliana.Roimhe seo ní raibh ag na daoine chun n-iththe acht prátaí san maidin agus san oidhche. D'óladh siad bainne leo agus bhí ortha bheith sásta le sin. Nuair a bhí an Gorta ann bhí ortha planndaí a n'iththe. Do chabhruigh an Riagltas leo nuair a bhí an am go dona aca. Chuala mé uair amháin ó mo athair gur chuireadar fir ag obair ó Conndae na Gaillimhe ar cánál a dhéanamh idir Loch Chorribh agus Loc Measc. Thugadh a lán airgid do na daoine ins an mbaile seo agus ins an dtuaith; airgead a cheap an Riaghaltas a bhíodh uatha acht bad' é biadh a bhí ag
Béaloideas · Scoil Níoclás (Cailíní) · The Schools' Collection | dúchas.ie,"Ins an gCladach fadó bhí ríogh agus bainríoghan in a gchómhnaidhe. Chuala mé sean-bhean ag cainnt lá amháin go raibh ór le fághail ins an gCladach agus sé an áit a bhfuil sé le fághail ná - i gCeann Láimhrighe.Nuair a bhí Cromail ag teacht isteach ar an tráigh cuir na daoine an t-ór in an áit sin. Shiolruith muinntir an Chladaigh ó na Spáinnigh agus mar gheall ar sin bíonn fáinne speisialta acú agus sé an t-ainm atá ar an bfáinne sin ""Croidhe agus Lámh"". Tá dealbh ins an Teampall Naomh Muire agus chuir na daoine an dealbh sin fresin ins an talam nuiar a bhí Cromail ag teacht isteach."
An Drochshaol · Garán · The Schools' Collection | dúchas.ie,"San mbliadhain míle ocht gcéad ceathracha agus a cuig do tháinig an ""dubh"" ar na fataí. D'fhág sin ocras ar na daoine acht ní raibh sé ró-dhona mar níor loiteadh an barra go léir. Shíl na daoine annsin go mbeadh na barraí níos fearr an bhliadhain i na dhiaidh sin acht do mheath na barraí go léir ortha agus ní raibh 'na gcomhair annsin acht an ghorta. Bhíodh siad ag fágháil bháis ar thaobh  an bhóthair agus tháinic galar ortha freisin. Ní raibh rud ar bith le n-ithe aca acht féar agus neanntóga. Ní cuirtí na daoine a bhi caillte chor ar bith mar ní raibh na daoine sáthac láidir chun iad do chur. Chuaidh a lán daoine go h-Ameiriocá acht cailleadh a lán aca agus do caitheadh isteach san bfairrge iad. Chuaidh a lán daoine go dtí Tighthe na mBocht acht ní raibh áit doibh go léir ionnta. An bhliadhain i n-a dhiaidh sin bhí feabhas mór ar na barraí agus bhí biadh go flúirseach aca agus ní bhfuair mórán daoine bás de'n ocras. I mbliadhain an ghorta d'fhás an chruithneacht go maith acht b'éigin do na daoine an chruithneacht do dhíol agus an t-airgead a thabhairt do'n tighearna talmhan agus ní raibh aon chruithneacht fágtha aca le n-ithe. Muna mbeadh an t-airgead aca le tabhairt do'n tighearna"
Na Fataí Dubha · Craughwell (Girls) · The Schools' Collection | dúchas.ie,"Míle slán do na fataí bána, ba súac an áit a bheith in aice leoBa failighe sonnant íad a' teact an láireacAgus íad ag gáire linn ar cheann an bhórdBa cabhair d'on banaltra íád do'nfear ? is d'on gárlachDon lag' is don láidir, don og' is don chríonAct fágim mo ghocarnac agus adhbharm'angar gur lobh na prataí gan poc gan sion (?)(II)Ba iad ar gairid iad ó am ár glíomháin act se mo dhiobáil íad imteact uain,Ba mhaith an chuidheact iad agus a túdar rinnceBhíodh spórt agus séimre againn in aice leoMíle bhlíadhain i gceann ocht do ceadaibh da ficid gan bréag agus sé in a ceannÓ h-abarlann an Slánuightheoir  i gcolainn daoinego dtáinig leinsgrí ar fhataí an domhain(III)Sin é an datha agus ní fhág gan adhbhar,Beidh caoine agus tract ar a gcaitean t-saoghalNíor tháinic eirise dhá bhféadh a chailigheactIs mo na gantann agus aipa (?) an bhíadhIs iomdha duine bocht a bharr an sgéal seoNach bhfuil thar bhéile aige ceann do lóGan buadail ar cnoc aige a thúrac braon do"
An Drochshaol · Crois Bhóthar · The Schools' Collection | dúchas.ie,"Fuair mé an t-eolas seo ó mo shean-mháthair Máire Ní Lobháin, atá in a  cómhnuidhe i gCluain Caoilbhigh, 4 mile ar  an taobh o thuaidh dhe bhaile mor Thuama. Ó a máthair a chúala sí é  seo.San droch-shaoghal d'fhág na daoine seo a leanas a gcuid  talmhan is tighthe:-Tomás is Seán Ó Máille a bhí in a gcléirigh ag na sagairt i gCill Bheinín is i gCill Conla. Chomhnuigh siad in áit eicint ar taobh an bhóthair mhóir in aice le teach  Ui Labhraigh i gCill Bheinín. D'imthigh  ""Caitte Pilib""  ""Maria Little"" agus ""Maire Bheag.""An bhlian sin d'innis  an sagart do na daoine  gan na fataí a chur. Dubhairt sé nach bfásfad siad. Chuir athair mo shean-mháthar iad mar sin féin agus bhi na fataí  a bhain sé san bhFóghmhar trí uaire cómh mór is a bhí siad uair ar bith roimhe sin. Bhí ortha na fataí a chur isteach i stáca coirce"
An Drochshaol · Crois Bhóthar · The Schools' Collection | dúchas.ie,"D'innis Bean Uí Mhaoldhomhnuigh an seanchas seo dom. Tá sí in a comhnuidhe i gCluain na gClasa, 5 míle ar an taobh thiar-thuaidh de Thuaim. Tá sí  60 bliadhna d'aois.The Famine was in the year of 1847 because the potatoes failed the previous year. Some of the people had enough potatoes to do them for two years. The people  had to eat nettles and other kinds of weeds that grew in the grass. They got the ""Black Cholera""  from the bad food they had. Most of the young people  were working in the Work-house in Tuam.There was a hospital long ago where the Daly's are living now in Ballygaddy near the Tuam Sugar Factory and as the people were getting  sick in the Work-house they were brought out to the hospital in a big van. Only a few were ever"
Ag Tóraíocht Mhicilín Rua · Ceathrú na Laithighe (Brownsgrove) · The Schools' Collection | dúchas.ie,"Bliadhanta ó shoin do bhí bean agus a mac ina gcomhnuidhe i mbotháinín beag ar chuimhais phortaigh i Knockatee míle no mar sin ó Dhún-mhór. Nóirín Dalla tugtaoi uirthi mar do bhí sí dall agus ní raibh sí in ann aon rud a fheiceál agus Micilín Ruadh a tugtaoi ar a mac mar bhí cloigeann ruadh air. Sinn féiner calma a bheadh Micilín Ruadh agus bhíodh sé go síorraidhe ag déanamhluigheacháin ar na blac-an-tans a bheith ag teacht isteach san mbaile ar thóir Mhicilín Ruaidhe chun é a lámhadh.Bhíodh Nóirín Dall ciaptha cráidhte leis na blac-an-tans ag buaileadhisteach chuici, ag cur a traicín beag trí-na- chéile agus ag cur ceisteanna uirthi i dtaobh Micilín ""An raibh sé sa mbaile aréir?"" ""Ca bhfuil sé anois?"" agus mar sin de. Ní raibh fhios ag éinne cá mbíodh Micilín i bhfolach. Bhí sé ráidhte go raibh uachais aige i gcoill Mhic Aodha i Sliabh baile ar an taobh thuaidh de Knockatee acht bíodh nó ná bíodh is cinnte go bhfuair sé fásgadh ó na blac-an-tans i dtíghthe áirithe fe'n dtuaith go minic.Oidhche amháin nuair do bhí Micilín Ruadh sa mbaile do chuala sé torann an ghluaisteáin mhóir a bhíodh ag na blac-an-tans ag fágadh Dún Mór. D'imthigh é féin agus Nóirín Dall amach an doras iadhta go"
Scéal · Baile a' Mhuilinn (Cailíní) · The Schools' Collection | dúchas.ie,"SgéalIns an saoghal fadó b'éigean do na spailpíní siubhal go Baile Athá Cliath. Nuair bhíodh cuid aca ag teacht abhaile geobhadh siad lóistín i nDún Mór o fear a glaodhadh Éamonn Dubh air. Do coinne sé teach ósda agus bhí sé ag díol iarrain agus chuile shórt eile.Bhí fear ag teacht abhaile ó aonach Béal an Atá Sluagh uair amháin tar éis go leór caorigh a díol ann agus é ag marcuigheacht ar capall. Bhí sé deirneach san oidhche agus tharraing sé suas go doras Éamonn. Fuair sé suipéir ann agus coirce do'n capall. D'íarr Éamonn Dubh air fanacht go maidin mar bhí fhios aige go raibh airgead aige tar éis an aonaigh. Níor fhan sé. Chuaidh sé ag marcuigheacht ar a chapaill agus d'imthigh leis.Taobh thiar de'n caisleán tháinig fear amach roimhe. Thóg sé greim ar an gcapall agus d'íarr sé a cuid air. ""Ní féidir Éamonn dubhairt an fear"
(no title) · Cnoc Uí Faith (Belmont) · The Schools' Collection | dúchas.ie,"Tomás Ó TíghearnachCnoc Uí FaithBaile an Mhuilinn*   *   *Tá loch ins an áit seo a tugtar Loch na h-Altóire air. Seo é an mianaigh atá leis an t-ainm;  fadó ins na laethe peanamhla  ní raibh cead ag na sagairt aifreann a rádh mar bhí saighdiúr Shasana ghá lorg, agus chuaidh sagart amach i mbád agus léigh sé Aifreann ins an oileán seo agus mar gheall ar sin, tugadh an t-ainm Loch na h-Altóire air."
(no title) · Cnoc Uí Faith (Belmont) · The Schools' Collection | dúchas.ie,"Tomás Ó TíghearnachCnoc Uí FaithBaile an Mhuilinn*   *   *Tá áit i n-aice le Cnoc Uí Faith agus cailleadh fear ann fadó i lár na h-oidhche agus fuair duine eicínt é ar maidin. As sin amach nuair a thagann duine an belach sin, caitheann sé cloch isteach. Sin sean nós atá ag muinntir na h-Éireann. Tá tobar i n-aice na h-áite sin freisin agus tugtar Tobar Éamuin air mar ba Éamonn an t-ainm a bhí ar an bhfear a fuair bás     i-n-aice leis."
(no title) · Dubhras · The Schools' Collection | dúchas.ie,"Bhí galar uathbhásach ag dul timcheall nuair a bhí an gorta ann fadó.Nuair a thosóch duine ag sraoidhfuirt bheadh fhios ag gach duine go mbeadh an galar ag teacht air agus dhéarfadh siad ""Dia linn""Choinnigh na daoine ag rádh ""Dia linn"" as sin amach nuair a bheadh duine ag sraoidhfuirt.Bhíodh sé ráidhte fadó nuair a leigfeadh leanbh sraoidh mara ndeárfadh a mháthair ""Dia linn is Muire a leanbh"" go dtiocfadh na sídheóga agus go dtiúbharfadh siad leis é.Bhí fear ann fadó agus bhí a bhean caillte agus bhí leanbh aige phós sé arís agus bhí an chion ag an leas-mháthair ar an bpáiste.Oidhche amháin leig an leanbh sraoidh agus dubhairt an leas-mháthair ""Dia leat a leanbh agus dá mbeadh do mháithirín féin beo dhéarfadh sí Dia linn agus Muir[e"".]"
Scéaltaí faoi Thimpistí Farraige nó Thóiteán Mór a Tharla · Northampton · The Schools' Collection | dúchas.ie,"Sgéaltaí faoi Timpistí Fairrge nó Tóighteán Mór a thárla.(1) Bhí bean ó Bhaile an Chléire ag baint feamainne agus bhí a muinntir go léir in éindigh leithe. Bhí siad ag obair go dian nó go dtáinig an trathnóna. Ghlaodh an bhean ar bean óg eile agus bhí siad ag siubhal go bhfaca siad an taoille ag teacht isteach. Tháinig fatchíos ar an gcailín óg agus thug an bhean eile misneach di. Bhí an bean ag iarraidh an cailín a bháthadh ar feadh an ama ach bhí an cailín níos láidre ná an bean. ""Tar amach"" arsan bean ""agus glanfaidh muid ár gcosaí. Dhiúltaigh an bhean ach thug an bean eile misneach di agus ar deireadh thiar thall chuaidh sí leithe. Nuair a bhí siad amuigh san bhfairrge rinne an bhean iarracht an cailín a bháthadh ach thosuigh sí ag sgréachaighil agus tháinig a muinntir chomh fada leithí agus chuir siad an bhean abhaile. Sa trathnóna chuaidh na fir abhaile ar [!] fuair siad an bhean crochta le rópa san ""manger""."
Scéaltaí faoi Thóiteán Mór a Tharla · Northampton · The Schools' Collection | dúchas.ie,Sgéaltaí faoi Tóighteán Mór a thárla.(1) Bhí teach mhór sa bparósta Baile an Doirín. Teach a ghlaodadh ar Tír Éoghan. Níor raibh teach in Éirinn a bhí chomh maith leis ná na daoine a bhí in a chomhnui[dhe] ann. Cristór A' Prionsa a bhí in a chomhnuidhe ann. Bhí caisleán breág i ndáil le cuan na Gaillimhe aige.Nuair a bhí an trioblóid i Éirinn dhóigh na 'boys' é agus bhris siad chuile rud a bhí ann mar chualaidh siad go raibh na 'black and tans' ag teacht in a chomhnuidhe ann. Bhí ghá 'statue' taobh istigh do'n 'hall door'. Bhí siad ghá bhriseadh gur dhéin siad púdar diobhtha. B'fhiú míle míle punt iad.Bhí sean-fhear suas an staighre agus a leabhadh i seomra ann ag tabhairt aire dhó. Bhí an teach tré theine agus b'éigin doibh é a leigint suas an staigr[e] le ruainne de thabach a bhí ann.(2) Bhí fear i gCinn Mhara agus dhóigh sé a teach féin a bhí in aice 'Leecke house' i gCinn Mhara. Ní'l aon teach anois aige acht é ag saothrú a lá páighe.
"An Gorta sa gCeantar · Clochar na Trócaire, Cinn Mhara · The Schools' Collection | dúchas.ie","Bhi an Gorta in Eirinn idir na blianta 1846 agus 1847 agus fuair a lan daoine bas leis. I ndeireadh an t-Samhraidh 1845 nuair a bhi gais ghlasa ar na pratai ar fuaid na tire, do chonnaich na daoine aicid eigin ag teacht ortha. Ni fheiceadar a leitheid riamh cheana agus niorbh fhios d'einne aon t-slighe chun e do chosc. Dob e aicid e na an ""dubh"". Do loit se an chuid ba mho de bharra na bliana 1845. D'fagh san ocras ar na daoine ach toisc nar loiteadh an barra go leir ni raibh an sceal go ro-olc. Ta fothracha de na tighthe in a raibh na daoine in a gcomhnuidhe ann timcheall Cinn Mhara le feiscint fos.Thainigh spotai dubha ar na pratai agus niorbh feidir iad a ithe agus do choimead na daoine na pratai maithe a bhi in a measc agus coimead siad iad le h-aghaidh siol. An bhlian in a dhiaidh sin chuireadar na pratai i dromanna. Ni raibh aon biadh le n-ithe annsin aca acht arain ruadh agus min coirce deanta i leite agis mbainne.Sa bhlian 1846 do chuir an Rialtas"
"An Gorta sa gCeantar · Clochar na Trocaire, Cinn Mhara · The Schools' Collection | dúchas.ie",Í gCnoch an Fhioch bhí ospideal beag ina raibh na daoine ag a raibh an Chalara. Sin tinneas a bhí ag dul thart timcheall an uair a bhí an Gorta i gCinn Mhara. Is ag na Sasanaig a bhí an ospideal sin. Bí na daoine ag fagail bais comh tapaidh sin gurb éigin do na daoine iad a chaitheamh isteach í poll mhór a bhí i lár na roilghe. Bhí cuid aca beó agus cuid aca marbh. Chonnaic Easbog na Sasanach ag tarraingt na daoine beo sios an staígre agus chuir sé deire leis. Guide an Easbog chun Dia chun go dimteocad an tinneas ó na daoine agus go ndimteocad sé do's na muiche. D'fhreagair Dia a paidreacha. Bhí leór doine ins na bpároiste tar-éis an gorta agus nil trian díob ann anois mar fuair céadtha díobh bás.Tháinig cabar ó'n Rialtas annsin do na daoine bochta. Thóg an Rialtas mín-coirche do na daoine bochta le nithe le baine. Níor mhait le na daoine aon rud le nithe a tháinig ó
Le Linn an Ghorta · Cillíní Díoma · The Schools' Collection | dúchas.ie,"""Lá de na laethibh dá raibh Smith O'Brien ar a theicheadh thainig sé go Cillíní Díoma. An Domhnach bhí ann agus chuaidh sé isteach sa seípéal - ní raibh ann ach sgioból - sean sgoil an ghorta tá's agat.Chuala saighdiúiri Bhaile Locha Riach go raibh sa cheanntar. B'eigean do' imtheacht treasna na bportach amach Botha Buidhe ag déanamh ar Óran. Chuala mé gur dhéaluigh sé uatha i riocht sagairt.""(Baintreabhach Furlong)"
Na hÉireannaigh Óga · Cillíní Díoma · The Schools' Collection | dúchas.ie,"""Lá de na laethibh dá raibh Smith O'Brien ar a theicheadh thainig sé go Cillíní Díoma. An Domhnach bhí ann agus chuaidh sé isteach sa seípéal - ní raibh ann ach sgioból - sean sgoil an ghorta tá's agat.Chuala saighdiúiri Bhaile Locha Riach go raibh sa cheanntar. B'eigean do' imtheacht treasna na bportach amach Botha Buidhe ag déanamh ar Óran. Chuala mé gur dhéaluigh sé uatha i riocht sagairt.""(Baintreabhach Furlong)"
An Drochshaol · Cartúr Caol (Scoil Bhríde) · The Schools' Collection | dúchas.ie,"Níl trácht ar bith ar cruadthan mór bheith thart againn in aimsear an ghorta, ní raibh mórán tighthe thart chor ar bith agus níor loic na fataí as eadon, bhíodh iasg fairrsing an uair sin agus neart soillte agus tirim aca i gcoir na biadhna.Shiar ag an gcaisleán is mo a bhí na tighthe agus bhíodh arán agus anthbhruith a tabhairt amach go na daoine a rinne freasteal ar an teampall ann agus thug muinntir na h áite ""Soupers"" orraibh.Cuireadh oibreacha ar bun agus go luath na dhiaidh sin a rinneadh ""bóthar an ríogh"" no an bóthar mór; roimhe sin thart le cladach a theigheadh na daoine, ní raibh bóthar ar bith ann acht droch chasan shuas ar an duirling agus nuair a chastaoí abhainn le duine ní raibh le deanamh aige acht siubhal trid.Deirtear gur thug na sagairt amach síol acht níl fhios cá as a dtáinig siad. Níor chaith na gnáth daoine acht fataí turnapaí, iasg agus arán baile agus níl aon tuairisg gur cailleadh aoinne go"
Aimsir an Ghorta · An Tulach · The Schools' Collection | dúchas.ie,"Is cráidhte an sgéal a bhí mo sean-mháthair ag innseacht dhom aréir i dtaobh an t-sean-tsaoghal an chaoi ar mhair na daoine agus an t-slighe bheatha a bhí aca.Is fada an lá ó bhí an gorta ann tá sé suas agus anuas le céad bliadhain. Is cuimhneach le mo sheán-mháthair cuid de acht bhí beagán feabhais air nuair bhí sí ag eirighe suas acht ar chuma ar bith sí d'innis an giota seo dhom-sa.Theidhidís síos ag an gcladach agus thóigfheadh siad portáin agus iasgáin agus bhíodh siad dhá n-ithe fuar beithidheach ar an tráigh.Ar a mbealach abhaile dhóibh theighidís isteach i n'garraidhe ba chuma cé leis é, ní raibh seilbh ag aon duine ar thalamh ná ar an áit acht ní  h-amhlaidh tá an sgéal anois chartaidís an ithir le na lámha nó le cipín.B'fhéidir go bhfuighidís cúpla fata innte. Ar ndóighe bheadh an iomaire sin bainte cheana acht bh'féidir go bhfuighdís cúpla criochán innti 'na dhiaidh sin. An méid a gheobhaidís thiubhraidís abhaile iad agus déanfadh siad bruthnóg díobh. Ní bheadh aon náire ar daoine dhul isteach i dteach na comhursan ag tóraidheacht rud le n-ithe, ná rud a árdú leo freisin as dá bhfuighdís an deis. 'Siad a bheadh buidheach dá n-eirigeadh leo lán a mbéil féin fhagháil.Deir mo mhamó go dtagadh daoine anoir ó na Criogáin ar an mbaile aice ag baint neanntógaí le n-ithe agus chuile chineál eile luibh a bhíodh ag fás."
Aimsir an Ghorta · An Tulach · Bailiúchán na Scol | dúchas.ie,"Min Bhuidhe:-Bhí min bhuidhe dhá tabhairt amach ag an 'Staisiún' i mBaile an tSléibhe. Níl fhios agam cé as a dtáinic sí. Bhí cuid eile di dá tabhairt amach ar an gCnoc tigh Mhícheáil Uí Fhinneadha. Ní raibh ann acht creámhaireacht. Ní hé chuile duine gheobhadh í agus is minic nach iad na daoine is boichte gheobhadh í. Bhí an sagart ag tabhairt amach na minne freisin. Is minic a bhí ticéad ag cuid acu ó'n sagart.Bhí an ministéara a bhí na chomhnaidhe sa gCaisleán ag tabhairt amach 'soup' do na daoine bochta thart. Deir siad go raibh sé sin dhá roinnt comhthrom go maith.Ní mórán bóithrí a bhí déanta annseo tart an tráth sin. Aimsir a droch-shaoghail a rinneadh Bothar Ros a' Mhíl, agus an bothar sin sios go dtí ""An Stáisiún"" (Coastguard Station) agus an bothar go dtí an Cheathramha Ruadh. Bhí na mná féin ag obair ar na bóithrí. Ní raibh dóibh ach ó dhá phighinn go dtí tuistiún sa ló ach bhí siad sásta leis an méid sin féin. Bhí mná Doire Choill ag obair ar an mbaile seo agus gan dóibh ach an méid sin páighe t'réis é shiubhal cosnuighthe anuas ar maidin agus ar ais trathnóna. Bhí muinntir a' Chaoráin agus na Bánraighe ag dul amach go teach Mór Forra Maoil ag obair, go dtí áit a dtugtar Aill Mhártain air."
Na Seanchaithe · An Tulach · Bailiúchán na Scol | dúchas.ie,"Bhíod na daoine ag troid faoí fheamuinn agus faoi rudaí mar sin fadó. Bhíodh na daoine                    cor-charuigheacht freisin go bhfeicfidís cé aca ba láidre. Bhí Tomás Ó Cualáin agus Colm Ned ag cor-charuigheacht lá agus thuit Tomás agus briseadh a chos.Nóra ní Chualain () an seanchaidhe is fearr san gceantar seo acht tá an aois ag goilleamhaint uirthi anois agus ní a cuimhneiomh maith is bhíodh. Ach ta a beirt mhac Colm () agus Tomás (63) (Maidhcín) go rí mhaith. Tá cuid mór de sheanchas na máthar acu agus chuid mór dá cuid scéalta fiannaíochta freisin. Ar bhaile na hAbhann dóibh. Fatharta an tsloinne a bhí ar Nóra sul phós sí.Togha seanchaidhe agus togha cainteora é ""learaí ó Biath ( Labhras Ó Conghaile) go leor den seachas atá sa leabhar seo agus go mór mór gach a bhfuil curtha síos in ainm mhuintir Fhátharta is ó Learaí a foghluimigheadh é. B'fhiú don Chumann le Béaloideas feara chur chuige agus chuig teach Nóra ní Chualáin.Tá Nóra ní Shabnáin (74), Indreabhán , go maith nuair bhíonn sí ina sláinte. Tá seanchas aici agus sean-scéalta, agus sean- phaidreacha.Tá roinnt seanchaidhe maithear an gCaoran c.i scar an bherit Phádraig 'ac Con Faola. Ta seanchais chuid mhaith ag Máire Ní Fhátharta (72), Baile an tSléibhe.Leis an fhírinne rádh ta an áit lán de sheanchas dá mbeadh am ag duine le na bhailiú."
Buachaillín · An Tulach · The Schools' Collection | dúchas.ie,"Bhí buachaillín 'na chómhnuidhe thiar ar an gCaorán 'san áit a bhfuil ""Balla Bhuacaillín"" anois. Bhí sórt teach aig annsin déanta isteach sa mballa. Bhí sé pósta acht níor chualas ariamh go raibh aon chlann aige. Ba            droch-dhuine a bhí ann. Bhíodh sé ag goid géabha, cearca agus caoire. Dhá gcloiseadh sé go mbeadh caoire marbhuighthe ag duine ghabhfadh sé go dtí an duine sin agus chaithfeadh sé píosa dí a fhághail. Bhíodh sé ag teacht amach roimh dhaoine agus chaithfidís a raibh aca a thabairt dhó. Tá sgéal ráidhte faoi:-Bhí gasúr beag ag teacht an bóthar lá anuas ag Loch an Iolraigh agus bhí cloch mhin-choirce aige. D'eirigh buachaillín amach roimhe agus bhain sé an chloch min-choirc[?] de'n ghasúr beag agus mharbhuigh sé freisin é.Tráthamhail go leór tháinig gárda an bealach. Chonnaic sé fuil ar an gcloch agus bhí fhios aige go raibh         droch-obair éicint deánta. Bhreathnuigh an gárda isteach i bpoll a bhí ann agus chonnaic sé an gasúr beag caithte síos ann agus é marbhuighthe.Cuireadh tuairisg uainéaraí an pháiste agus fríothadh iad. Chuaidh athair an ghasúir agus an gárda go dtí buachaillín agus chuartuigh siad an áit a raibh sé agus fuair siad an         mhin-choirce thíos ins sa mála céadna abhí ag an ngasúr. Tóigeadh buachaillín annsin agus cuireadh amach go dtí na hIdiacha é agus deirtear go mb'shin é an áit ar cuireadh i dtalamh é."
Buachaillín · An Tulach · The Schools' Collection | dúchas.ie,"Bí an Buachaillín na chomhnaidhe ar a' gCaorán taobh tiar de'n áit a bhfuil an teach ósta anois. Ní raibh ann ach Rógaire críochnuighthe. Bhí bean aige acht níor chuala muid ariamh go raibh clann aige.. Dá mbeadh duine ag dul chuig a' siopa beadh sé ag faire air agus dá mbeadh buillín aige nó min nó aon blas eile bhainfeadh Buachaillín dó é. Dá gcloiseadh sé gur mharbhuigh aon duine gé ná cearc ná rud ar bith mar sin chaithfeadh sé cuid dí fhagháil nó mara bhfuigheadh mharbóchadh Buachaillín an t-é d'eiteóchadh é. Deirtear gur lean sé fear* a bhí ag tigheacht ó'n siopa lá le leith-chéad min bhuidhe agus gur mharbhuigh sé thuas ag Loch an Iolra é agus gur chuir sé isteach faoi thóchar a' bhothair é. Deirtear go bhfuil an fhuil ar an gcloch ann fós acht ní fhaca mise an fhuil. Tugadh Buachaillín 'un bealaigh agus níl fhios céard d'eirigh dó 'na dhiaidh sin.*gasúr beag adeir an chuid is mo de na h-ughdair, e.g. Labhrás Ó Conghaile srl. T.Ó S. féach lch 132."
Am an Drochshaoil - Leithscéal chun Mine · Sgoil Mhuire (An Clochar) · The Schools' Collection | dúchas.ie,"Am an Drochshaoil - Leithscéal chun MineSa droch-shaoghal fadó, do bhí mórán de shaghasanna oibre puiblidhe ar siubhal. Sé an diobhaidheacht a thugtaí do's na daoine ná roinnt mine le bhreith leó abhaile mar bídh dóibh féin is dhá gchlainn.Ba gairidh Dia leó é mar mhin an uair sin. Ag déanamh bóithre nua an obair ba mhó do bhíodh ar siubhal aca. Do bhí fear ag obair ar bhóthar dhóibh ag briseadh cloch do chuireadh é. Ní raibh aon casúr aige ach níor chuir sin mairg puinn air. Do fuair sé smoothing [lion?], agus do suidhe air fliuch leis. Bhí ag cuir an lae chun chríoch ar aoibhinn dhó. ""Buail fear chuige"" Dar fiadh ar san fear agus iongadh air "" is deas go leór an deall[r]amh oibhre ata ar siubhal anois agat? Dia Mich Ó, arsa an fear bhríste ná glach, is gan rion an a - mheairg leithsgéal chun - mine. A Mich-Ó sin é an fochal ata aca ó shóin."
An Drochshaol · Tulach Cadhain · Bailiúchán na Scol | dúchas.ie,"go h-íseall gar de’n talamh bíonn aimsear dona ag teacht.  Nuair a bhíonn stoirm ag brughadh druideann na h-eallaí isteach ó na locha móra go dtí na locháin agus teidheann siad amach ionnta arís nuair a bíonn an stoirm thart.  Bíonn an deatach ag dul suas go díreach san aer ón tsimléar nuair a bhíonn aimsear bhreagh le teacht.Nuair a bhíonn na bainne bó bliochtáin amach go luach sa mbliadhain bíonn samhradh dona ann sa mbliadhain sin. Nuair a bíonn na sléibhte an-ghar duit, dar leat, bíonn báisteach ag teacht, agus nuair a bhíonn siad i bhfad uait, dar leat, tá báisteach i bfhad uait san uair sin freisean."
An Ghorta · Caladh na Muc · The Schools' Collection | dúchas.ie,"Theip ar na fataí 1846 agus 1847 blianta an Ghorta Mhóir. Cé go raibh cruithneacht go leor ag na daoine thart anseo fuair a lán aca bás leis an ocras mar dhíoladar an chruithneacht leis an gcíos d'íoc.Black '47 a tugadh ar an mbliadhain 1847.Bhí teach i Mágh Cuilinn ""Sick House"", a ghlaidtí air agus theigheadh na daoine ann nuair a gheibhidís an fiabhrais.Bhíodh leite aca in ionad na bhfataí. Thug an riaghaltas min bhuidhe amach len a dhéanamh. Chosnuigh turnaip dhá phighinn agus shiubhlaidís cúig mhíle len a bhfághail. Chosnuigh an siúcre 1/2 an pt. D'ithidís cuairleains sé sin torthaí a fhásann amuigh 'sna páirceanna agus a bhíos mar adhbhar bhídh ag bruic de ghnáth.Nuair a chuireadh fear síol-fataí an t-am sin thagadh daoine eile ist'oidhche"
An Drochshaol · Uachtar Árd · The Schools' Collection | dúchas.ie,"There was a man and he was hungry. He was four days fasting and he went into a house to ask something to eat and they had nothing to give him. They had a pot of stirabout boiling on the fire. He said it was boiled enough, he eat a plateful of it and he eat the second plateful and then he went out and he died five yards from the house and he is buried near Ross school.Nóra Ní Dorchada, Machaire Mór"
An Drochshaol · An Léim · The Schools' Collection | dúchas.ie,"Ins an droch shaoghal bhíodh go léor barraí míllte. N'íl sé i bhfad ó shoin ó bhí aimsir an droch shaoghail ann. Timcheall fiche bliadhain ó shoin é. Bhí dath dubh ar na fatai nuair baineadh iad. D'fhág siad ar an h-iomairidhe na fataí ar feadh dtrí lá ag ceapadh go dtriomóchadh siad. Acht dhóig an ghrían iad agus rinne sé níos duibhe iad. Annsin chuireadar i bpoill iad agus bhíodar ag dul dhá dtabhairt abhaile as na poill faoí, cheann cúpla lá. An chead duine a d'foscail an poll ní raibh fata lé feiceál acht na craicne. Bhí na fataí imthíghthe ar nos uisige. Ni raibh plúr aca annsinn mar bhi sé ro dhaor lé ceannacht agus cailleadh go leór aca leis an ocras."
Muintir Laidhigh · Scoil Chuimín · Bailiúchán na Scol | dúchas.ie,"Muinntear Laighidh (na Laidhigh)Ó Conndae na Midhe a thainic an céud duine do Mhuinntear Laidhigh (na Laghaidh, na Laighidh - ó an bhfocal ""liagh"" - doctuir is docha). Fear óg a bhí ann, agus bhí sé 'na dhoctuir. Bhí Magh Seola ag na Fláthartaí an uair sin agus  bhí reim aca freisin ar Iar Connacht na ar cuid di. Casadh an fear óg seo le Taoiseach na bhFlaithbeartach, a thug an taoiseach seo an fear óg leis go Caisleán Achadh na nIubhar (Uachtarárd). D'fhan an dochtuir i gCaisleán Achadh na nIubhar, agus  d'oibrigh sé mar dochtuir ar feadh tamaill. Théis acair phos sé ingean an taoisigh, agus fuair sé leí mar spré talamh an Ghleanna.Tar eis leith bhladhain pósta dó, thainic triur driathair a mhná ar cuairt chuige san nGleann. Leigeadar ortha féin go raibh an-mheas agus cion acu air, acht bhí an feall ina gcroidhe aca do mar cheap siad go bhfuair sé an iomarca talmhan mar spré le na mhnaoi, a ndriofuira féin. Lá a raibh sé amuigh ag fiadhach mharbhuigh siad é go fealltach. Cuirfeadh siad a ndriofuir féin, bean Mhic an Laidhigh cun báis acht deirigh léi ealodh uatha agus  stad na comhnuidhe ní ndearna sí gur bhain sí amach áit chomnuidte athar"
Galar a Tógadh · Shindilla · Bailiúchán na Scol | dúchas.ie,Sa mbliadhan 1918 tar-éis an cogaidh mhóir tháinig an galar ar muinntir na h-Éireann. Droch shlaghdán a bhí ann agus tugadh an flú air. Deirtear gur aicide í a tháinig as tíortha eile mar gheall ar an Chogadh mhór. Cailleadh go leor daoine leis ní túisge a bheadh sé ag duine amháin ná bheadh sé ag duine eile. Is iomdha uair a bheadh daoine fágtha ins na tighthe le seachtmhain gan iad do chuir mar bheadh faitchíos orra go dtógfhadh siad é. Dubhairt cuid de'n na daoine go leigheasocaidh poitín é. Leigheas sé cuid acu acht cailleadh an cuid is mó acu. 'Sé na daoine is láidre a bhí ag fághail bháis.
An Drochshaol · Shindilla · The Schools' Collection | dúchas.ie,Bhí an droch saoghal ann tuairim is céad bliadhan o shoin. Ní raibh tada le n-ithe ag na daoine agus bhídís ag ithe féir (?) agus móin (?). Bhídís ag ithe ainmhidhthe ar nós an asal agus chuile rud a dféadaidís   a fhághail. An t-am sin bhídís lag leis an ocras agus bhídís  ag tuitim as a seasamh ar taobh an bhóthair agus tá áiteaca taobh thíos  de Uachtarárd fós  in a bhfuil cloch (?) ag teasbáint  an áit a thuit go leór de na daoine.  Áiteacha an uaigneach a b'eadh iad sin san oidhche. San droch saoghal freisin   d'iompaigh neart  de na daoine  a bhíodh ag fághail bháis leis an ocras in a Protastúnta. Ní raibh siad ag dul ag an Aifreann cor ar bith acht bhíodar ag cleactadh  an creideamh Prostatúnta. Nuair a fuair siad biadh agus a ndóthain le n-ithe thosuigh siad ag cleachtadh a creideamh arís.Tháinig fear óg isteac in nDoire i gCros Bhóthair Máma an t-am sin. Cuaidh sé isteach i dteach ann ag iarraidh bidh. Fuair  sé é agus dimthigh sé leis.  Fritheadh in a dhiaidh sin é agus é  caillte leis an ocras.
An Drochshaol · Shindilla · Bailiúchán na Scol | dúchas.ie,"Bhí an droch shaoghal ann tuairim is céad bliadhan no ós a chionn. Sé an fath a raibh sé ann mar thosnuigh na barrai ag faghtha lobhtha agus ni raibh tada le nithe aca acht bhídis at ag ithe fatai lobhtha agus ní raibh barraí ar bith eile acu. Bidís ag ithe gadhair, capaill, caoraigh agus gach saghas ainmhidhe allta. Bhídis ag ithe féir mar ní raibh aon plúr ann na tada eile. Bhíodh na daoine ag fághail bháis ar an mbóthar agus ins na sléibhte, agus ag titheamh as a seasamh. Bhiodh cuid de na daoine caithte ar na bóithre agus cuirtí cuid acua agus cuid eile ni curití ar chor ar bith iad acht d'fhanaidís caithte ins an áit a gheobhaidís bás. Tá cárnán cloch os cionn a chéile i go leor áiteacha thart annseo ag teasbáint gur ann atá cuid de na daoine seo curtha. San am sin ní gabhfadh na daoine ag an Aifreann mar ní raibh siad indon leis an ocras acht nuair a fuair siad an bidh chuaidh siad arais go dtí an Aifreann arís Fuair an cuid is mó acu bás sa droch shaogha leis an ocras."
An Drochshaol · Shindilla · The Schools' Collection | dúchas.ie,"Leis an breacfeasta bhíodh min bhuidhe, agus leis an dinnéar bhíodh fataí lobhtha a gheobhadh siad caithte amach agus d'fáisgidís iad agus d'íosaidís iad. Díosaidís práiste buidhe a fhasadh ins an ngarrdha. D'íosaidis samsóige a geobhaidís sa sliabh. Nuair a bhíodh a fataí féin acu róstadh siad sa teine iad. Le lagair thuiteád na tígthe ar chuid acu agus chaillidís ar thaobh an bhóthair."
An Drochshaol · An Gleann · The Schools' Collection | dúchas.ie,"Do luigh an droch-shaoghal go trom ar an gceanntar seo agus níor bhréag  ""droch-shaoghal"" a thabhairt air, acht buidheachas le Dia níor mhair mé an t-am úd.San mbliain  1846 chonnaic na daoine galar eicínt ag teacht ar na prátaí ar dtús. Sé'n galar a bhí ann ná an dubh.  Shíl na daoine nach ndéanfadh sé mórán dochar do na prátaí acht nuair a lobhadar as éadan ins na pollaibh agus ins na tightibh bhí uathbhás mór ortha. Bhí na daoine ag brath an uair sin ar na prátaí agus ní raibh aon phlúr ná min le fághail an uair sin mar tá anois. Bhí beagán plúr ag teacht  ó Americá ar a dtugtar  ""plúr Americá""  air, acht ní raibh  á cheannacht ach na daoine saidhbhre.An bhliain i na dhiaidh sin chuir na daoine na síol airís acht theipeadar airís. Annsin bhí na daoine bochta ag fághail bháis leis an ocras agus leis an bhfiabhrais. Deirtear  go raibh 8,000 daoine i n-áit amháin a fuair bás de'n ocras gan cómhra gan braitlín ar éinne aca."
An Drochshaol · Ros Cathail (Buachaillí) · The Schools' Collection | dúchas.ie,Do luigh an droch-shaoghal go mor ar na daoine tart annseo. Do lob na fatai ins an talan agus ní raibh rud ar bith le nithe ag na daoine. Fuair beirt  sean-mna bas leis an ocras ins an Dún agus cuiread duine aca gac taob d'en bothar. Tá sgeac ag fas taobh istigh de'n claidhe agus tugtar tom na caillige air. Fuair fear a bhí i n-Gort a Carnain bas leis an ocras freisin. Tá áit inaice leis an botar mór ins an Dún agus tugann na daoine gleann na marb air. Bhí beirt fear ag iarraid cloc a thóghál. agus tainig fear siubail go dti iad agus dubairt sé nar it sé greim le ceithre lá. Nior mait leo a rad leis an cloc a togal ac tog sé é agus cait sé tar an claide é agus nior siubal sé act timceall is deic slat nuair a tuit sé. Rit na fir go dti e act bhí sé marb agus cuiread annsin é
An Drochshaol · Cill Ainbhthin · The Schools' Collection | dúchas.ie,"Ins an mbliadain 1847 bhí muinntir na h-Éireann uilig ag fhághail bhais leis an ocrás. Rud a tainic ar na fataí agus ní raibh fhios aca céard é. An dubhacán b'eadh é agus ní raibh fhios aca an leigheas. Do lobh na fataí agus íad ag fás agus do lob síad ar mhuinntear na h-Éireann uilig agus greim na deoch  ní raibh aca. Bhí coirce agus cruithneacht aca go flúirseach ach bhí ar na daoine é a thabhairt go mhuinntear Sasana leis an cíos a dhíol nó cuirfeadh muinntear Sasana amach ar an mbóthar íád. Do cuireadh fear dar bh'ainm Padraig Ó Máille ó Cor a Bheithe, Uachtar Árd Co na Gaillimhe agus a bhean agus a seacht mach agus bheirt ingean amach ar taobh an bhóthair agus fuair siad uilig  bás agus cuireadh in aon uaigh amáin íad. Fuair go leor aca bás leis an ocras. Fuair bean dar b'ainm Bhrighidh Mealláigh Cnoc a' Bhrocháin, Uachtar Árd Co na Gaillimhe bás taobh amuigh de teach Seamhais O Conchubhair Uachtar Árd Co na Gaillimhe agus tá sgeach ag fás ós a chionn agus níl cead ag éinne é a bhaint. Tá go leor daoine curtha i gCilola, Ros Cathail Co na Gaillimhe. Bhí bean lá ag siubhal agus nuair a"
An Drochshaol · Cill Ainbhthin · The Schools' Collection | dúchas.ie,O'n mbliadhain 1846 go dtí 1848 bhí an gorta mór ann. Tháinig an dubhachán ar na fataí agus lobhadar ins an talamh. Fuair go leor de na daoine bás leis an ocras agus chuaidh chuid eile go Meirioca. Gheibheadh na daoine bás ag dul ar an Aifreann agus ins na páirceanna agus chuireadh siad iad gan bráithlín gan aon rud. Tá go leor díobh curtha ag Altóirín agus i ngarraidhe  Riobárd Welba. Bhiodh tighthe anbhruithe ag na Prodastúnaigh agus thiubhradh siad anbhruith d'aon Caitiliceach a d'iompóchadh na Protastúnach acht níor iompuigh mórán diobh.Bhíodh ar an daoine neanntóga agus leite mine - choirce a ithe leis an t-ocras a bhaint díobh. Bhí cailiín darbh ainm Máire Ní Eidhin ag obair do bhean uasal i gCillola agus lá amháin tháinig fear bocht go dtí an doras agus thug an cailín dhá phláta leite dhó. Nuair a chuaidh sí amach arís fuair sí an
An Gorta · Leitirmucadha · The Schools' Collection | dúchas.ie,"An GortaAg mo athair a chuala mé an seanchus seo, agus chuala seisean ag a shean-athair é mar bhí sé beó le linn an ghorta.Tháinig oidhche mhór sneachtadh faoí Fhéile San Seáin, agus nuair a deirigh na daoine ar maidin bhí dath dubh ar na barrannaí.D'fág na daoine na fataí amhlaidh go dtí an fóghmhar a bhí chugat agus ní raibh fata beó ins an talamh mar a raibh corr áit annseo agus annsiúd.Tháinig an dubhachan ar na fataí an dara bliain freisin acht an té a chuir fataí an tríomhadh bliain bhí toradh faoí céad orta. Fataí a bhíodh ag na daoine ar gach béilidhe a chaithidís an uair sin.Nuair a lobh na fataí agus nuair nach raibh aon fata ag na daoine béigin do na daoine a gabhail ag iththe brochán min bhuidhe.Bhí Sasanach i na chomhnuidhe thíos i n-Doire an Fiaidh agus bhí siopa beag aige.Na daoine a bhíodh ag teacht isteach agus amach sa siopa ag ceannacht cuid do na rudaí a bhíodh dhá ndíol ann thug sé cupla chloch min bhuidhe dóib le cabhrúghadh leó."
An Drochshaol · Ros Muc · The Schools' Collection | dúchas.ie,"Ní raibh aon áit sa tír is mó a ghoill an droch faoghail air ná an ceanntar seo. Chomhnuigh go leor daoine cois na fairrge agus d'feicfeá go dtí an lá atá indiú ann na sean tighthe a bhíodh aca. D'imthigh go leor aca as an gceanntar seo go Meiriocá acht ní féidir gach duine a ainmniú ach seo cuid aca, Páidín, Seánaín, Micilín Coilmín agus Tomás Ó Gaora.""D'imthigh go leor de na Trúthail go leor de na Éaláin agus go leor de Chlainne Chon Iompaire. Cailleadh go leor aca sin freisin.Tháing dúbhachan ar na fataí agus lobhadar ins na puill mar"
Bá · An Tráigh Bhán · Bailiúchán na Scol | dúchas.ie,"Uair amháin bhí bean in a cómhnuidhe an sa Tráigh Báin agus bhí ceatar dreabatácha agus aon dreibhsiúir in aoinfeact leithe. Is é an t-ainm a bhí uirthi Bríghid Ní Máile. Bhí a dreibhisúir pósta ag fear do mhuintir Ceallaigh. Rinne sé bád do na dreabhathair mar  bhíod siad ag dul go Gaillimh an t-am sin ag díol éisg agus ag tabhairt beatha abhaile air.Sé an t-ainm a bhí ar na dreabthaireacha Pádhraig, Tomás, Máirtín agus Michil. Aon lá amháin. Bhí Máirtin ag íasgach leis féin i gcurrach agus nuair a bhí sé ag teacht abhaile tháinic gála mór air agus bualad an currac í gcoinne na gcarraigaca agus briseadh í, agus báthadh Máirtín. Nuair a rinne an Ceallach an bádh do na dreabháthaca d'fhág"
An Gorta · Tír an Fhiaidh · The Schools' Collection | dúchas.ie,I n-aimsear na gorta ní raibh ach corr teach thart leis na cladaig agus cúpla garraidhe beag aca. Is iomhdha dream daoine atá ann anois nach raibh ann aimsear na gorta.Tháinig an smál nuair a bhí na fataí ag fás. Lobhadar nuair a bhí na fataí ag fás agus ní raibh mórán fataí ag aoinne. Ní raibh an gorta chomh dona san áit seo is a bhí sé í n-áiteacha eile mar bhí fataí le díol ag cuid des na daoine i dtús na gorta.Bhí an gorta i bhfad ann mar ní raibh aon tsíol le cur an bhliadhain dár gcionn. Bhí an gorta ann ar feadh seacht mbliadhna. Ní hé an chéad bhliadhain ná an dara bliadhain ba mheasa a bhí an gorta ach an tríomhadh
Cuntasaí Eile ar an nGorta · Tír an Fhiaidh · The Schools' Collection | dúchas.ie,"shoin ach ní raibh sé chomh dona leis an ngorta mór. Lobh na fataí san talamh agus bhí coiscéim idir gach fata san iomaire. Déarfa go mbéadh obair mhór déanta ag fear dá mbéadh a dhínnéar fataí bainte aige lá. Bhéadh garraidhe romraí aige agus gan aige ach a dhínnéar fataí. Ní raibh siad chomh dona an t-am seo mar bhí an riagaltas ag tabhairt déirce dhóibh. Bhíodh siad ag fágháil plúr, im agus rudaí eile.Bhíodh na fataí ag lobadh gach bliadhain nó go bhfuair na daoine eolas faoi an gcloc ghorm. Ó fuair siad amhach go raibh an chloc ghorm go maith níor lobh aon fháta orra. Tá fuighleach fataí ag gach duine san áit seo anois buideachas le Dia."
Bá · Coill Maolacáin · The Schools' Collection | dúchas.ie,"Tharla báitheadh uathbásach i Rosmuc tuairim is tríocadh blian ó shoin. Báitheadh seachtar. Bhí ochtar sa mbád agus níor tháinig saor acht aon fhear amháin, sé sin athair Pádraig Óg Ó Chonaire agus níor raibh aon snámh cor-ar bith aige. Thuit an timpist idir dhá oileán i gCuan Rosmuc. Bhíodar i mbád seóil agus tháining ceobthach agus d'iompuigheadh é. Do bháitheadh triúr as aon líon tighe amhain agus in a measg bhí máighistir sgoile Rosmuc."
Ganntanas · Coill Maolacáin · The Schools' Collection | dúchas.ie,I n-aimsir an droch shaoghail bhíodh dream ghadaidhe as Mámtrasna ag dul thart ag meadhon oidhche ag tóirigheacht airgid agus bídh.An oidhche seo bhuail  siad isteach doras athar m'athar - mhóir agus d'iarr siad airgead air. Dúbhradar go mharbhóchadh siad é mara thiubhradh sé dóibh acht mar sin féin níor ghéill sé.Annsin chuireadar ar chúl a chinn
Ganntanas · Coill Maolacáin · The Schools' Collection | dúchas.ie,"Bhí bean 'in comhnaidhe ins an áit seo i n-ám an ganntanas, agus bhí sí an-bhocht, ní raibh rud ar bith aicí. Chuile lá theigheadh sí suas go dtí Gleann-Glas go dtí teach athair-mhór m'athar le rud eicínt ithe. Lá chuaidh sí suas, an chailín aimsire a bhí ins an teach an t-ám sin, sí a rinne an  leite agus chuir sí iomracha salann air, bhí an bhean an-ochrac agus d'ith sí é chomh tapaidh gur mharbhuigh í."
An Gorta · Driseachán · Bailiúchán na Scol | dúchas.ie,a rinne sé:-Thug me liom é go dtí Tom Sheáin suasNár chaith a gceárdcha ariamh ach míChuir sé deis dhom air atá chomh láidirLe nach bhfuil cliseadh i n-dán doGo deireadh an t-saoghail.Chuir sé loiseach airgid ar áit mo láimheAgus cóta iarainn ar an gcuid eile síos.Bhí an-mheas ar Thomás Ó Cadhain agus bhíodh sé ag déanamh amhráin d'aos óg an bhaile chuile oidhche.
(no title) · Driseachán · The Schools' Collection | dúchas.ie,2)  Tá áit i n-aice le Mám-Treasna ar a dtugtar Crois Ruairí. Bhí fear i n-a chomhnaidhe (?) i gCathair na Mart fadó  agus Ruairí Seóigheach an t-ainm a bhí air. Nuair a bhí sé  ag  fághail bháis d'iarr sé   ar a cheathrar mac é a chur ar a bhFaírche. Chuireadar 'sa' gcónra é agus thugadar leo ar a sguailnibh go dtí an Fhaírche  é. Ins an áit ar a dtugtar a ainm ó shoin air a  leagadar uatha an chéad uair  é  agus deirtear go bhfuil féar gortach ins an áit ó shoin.
Íde Clainne 'c Aoidh · Corr na Móna · The Schools' Collection | dúchas.ie,"""Íde Clainne 'c Aoidh""Tá sé seo mar leath-fhocal ag Muintir Con na mara - ""Íde Clainne CAoidh ort.""Crochadh triúr dearbhrathair de Chlainne c Aoidh i mBaile n Rodhba ar an lá d'Aibreán sa mbliadhain 1813 B'iad an dream deiridh a crochadh i mBaile an Rodhba.Badh as Partraí in aice baile'n róba an triúr seoMarbhuigh siad bean óg de mhuintear Cheannuidhe ar oidhche an 6adh lá d'Eanair sa mbliadhain cheadna agus loiteadar a máthair.Bhí athair na mná óige seo in a comhnuidhe i mBaile Uí Chadhain in aice na Fáirche ag maorracht ar an mBán do Mac Fheoiris an tighearna talman a bhí ar dúithche Cheapa Chorcóige ant am sinBhí teach dá stór ar aoirde ag Ceannuidhe Bhí inghean in a cailín an áluinn agus táinic triur Cloinne cAoidh de shiubhal oidhche ag iarraiadh i a fhuadhachBhíodh imnidhe mhór ar chailíní deasa"
An Drochshaol · Corr na Móna · The Schools' Collection | dúchas.ie,Cailleadh an chuimse  daoine sa bparáisde seo sa droch shaoghal le ocras agus feabhras. Bhí oisbidéal ar an bhFáirche le haigh daoine tinne agus caillead a lán ann.Bhí fear darb ainm Sceathail íoctha leis  na daoine a chur. Bhí cairt asail  aige le haigh daoine a thabhairt 'un  na cilleadh. Tugadh Sceathail na gCorp mar leas ainm air. D'faghadh sé sgilling as ucht gach uile  dhuine a chuirfeadh sé.Bhí bean eile a raibh Bed(?) Mhór mar ainm uirre leis na cuirp a chur ins na conraí. D'faghadh sise sgilling eile  agus bhí sgilling eile a dul don suinéaraidhe a gnitheadh an conra.
An Chaoi ar Shabháil Maolra Ó Caomhanaigh Fear ón Uaigh · Corr na Móna · The Schools' Collection | dúchas.ie,Cailleadh an chuimse  daoine sa bparáisde seo sa droch shaoghal le ocras agus feabhras. Bhí oisbidéal ar an bhFáirche le haigh daoine tinne agus caillead a lán ann.Bhí fear darb ainm Sceathail íoctha leis  na daoine a chur. Bhí cairt asail  aige le haigh daoine a thabhairt 'un  na cilleadh. Tugadh Sceathail na gCorp mar leas ainm air. D'faghadh sé sgilling as ucht gach uile  dhuine a chuirfeadh sé.Bhí bean eile a raibh Bed(?) Mhór mar ainm uirre leis na cuirp a chur ins na conraí. D'faghadh sise sgilling eile  agus bhí sgilling eile a dul don suinéaraidhe a gnitheadh an conra.
Seandálaíocht · Corr na Móna · The Schools' Collection | dúchas.ie,"Sean DáluigheachtUim. 55. Faightear go leor tuaigh cloice sa gceanntar seo. Bí trí cinn acu sa sgoil seo. Tug mé da cheann acú do Iarsmalainn na Gaillimhe sa mbliadhain 1925 Tá an ceann eile fós sa sgoil. Fuair mé tuaigh umha o Mháirtin Breathnach An Carraig, Corr na mona sa mbliadain 1922. Fuair seisean i bportach na Carraige í.Bhí sí ar deanamh tuaighe cloiche. Ní raibh cluas, guala nó fail uirre.Tug mé doh Enrí Ó Mhuirigheasa Cigire Sgol í le haigh Iarsmalainne Dhúin Dealgain."
Bá · Cluain an Bhrúnaigh · The Schools' Collection | dúchas.ie,"Is minic a bhíos na daoine ag cainnt ar na rudaí a thárla fadó. Fiche bliadhain ó shoin bhí fear in a chomhnuidhe Inis -Dubhros. 'Sé an t-ainm a bhí air ná Seán Seoighe.An lá seo bhí aonach ar an bhFairche, agus chuaidh sé  ann. Treasna na locha a ndeachaidh sé i mbád leis féin. Nuair a bhí a chuid gnótha déanta d'fág sé an baile le teacht abhaile. Bhí tuitim na hoidhche ann, agus ní raibh mórán solus aige.Nuair a bhí sé amuigh i lár na locha do buaileadh an bád in aghaidh carraig mhóir a bhí sa loch. Tháinig poll na mbád, agus thosuigh se ag líonadh le uisge. Fá dheireadh thiar chuaidh an bád síos agus bádhadh an fear bocht.Tar-éis cúig lá déag tháinig an fear go bárr an uisge arís. Fuaireadar an chorp, agus thugadar abaule. An lá  in a dhiaidh, tugadh chuig an bhFairche é agus cuireadh ann é.I Loch Coirb a thárla an bádhadh seo sa mblian 1918. Tá cuimhneamh ag muinntir na h-áite seo go foill air, agus béidh go bráth."
An Gorta Mór · Clochar ar an bhFáirche · The Schools' Collection | dúchas.ie,"Tháinig an gorta mó go h-Éirinn sa m'blian 1845, 46, 47. Goill sé go mór ar na daoine sa gceanntar seo agus ar fud na h-Éireann chomh maith. Ní raibh rud ar bith le n-ithe acu act lobh fataí agus iad ag fás.Bhí na daoine an-bhoct ar fad. Bhí siad ag fághail bhais leis an ocras. Ní raivh tae ar bith sa tír an uair sin. Sul lobh na fataí siad a bhiodh acu ar a m'bricfeásta ar maidin.Is minic a théigheadh na daoine turas fada go barr an cnuic gan blas le n-ithe acu go"
